"Season","Daynum","Wteam","Wscore","Wloc","Numot","Wfgm","Wfga","Wfgm3","Wfga3","Wftm","Wfta","Wor","Wdr","Wast","Wto","Wstl","Wblk","Wpf","win"
2003,134,1421,92,"N",1,32,69,11,29,17,26,14,30,17,12,5,3,22,1
2003,136,1112,80,"N",0,31,66,7,23,11,14,11,36,22,16,10,7,8,1
2003,136,1113,84,"N",0,31,59,6,14,16,22,10,27,18,9,7,4,19,1
2003,136,1141,79,"N",0,29,53,3,7,18,25,11,20,15,18,13,1,19,1
2003,136,1143,76,"N",1,27,64,7,20,15,23,18,20,17,13,8,2,14,1
2003,136,1163,58,"N",0,17,52,4,14,20,27,12,29,8,14,3,8,16,1
2003,136,1181,67,"N",0,19,54,4,13,25,31,13,27,4,16,10,8,23,1
2003,136,1211,74,"N",0,20,47,6,14,28,37,8,28,12,12,2,2,15,1
2003,136,1228,65,"N",0,24,56,5,14,12,14,15,23,15,14,11,4,14,1
2003,136,1242,64,"N",0,28,51,2,6,6,11,7,20,13,11,8,4,17,1
2003,136,1266,72,"N",0,22,51,9,16,19,23,11,20,14,10,4,3,23,1
2003,136,1281,72,"N",0,28,52,5,13,11,18,9,32,7,23,4,6,19,1
2003,136,1323,70,"N",0,23,54,3,13,21,25,11,33,7,20,6,6,19,1
2003,136,1328,71,"N",0,24,52,10,18,13,24,11,24,16,14,8,3,12,1
2003,136,1390,77,"N",0,29,64,8,24,11,15,12,29,16,14,4,8,24,1
2003,136,1409,84,"N",0,33,57,8,12,10,13,8,26,18,12,6,1,11,1
2003,136,1458,81,"N",0,31,58,6,16,13,22,10,24,16,9,7,2,16,1
2003,137,1120,65,"N",1,25,57,7,18,8,13,14,24,11,15,4,5,16,1
2003,137,1139,47,"N",0,18,47,5,18,6,8,7,19,5,8,3,0,15,1
2003,137,1196,85,"N",0,32,61,13,28,8,14,9,31,24,10,6,3,15,1
2003,137,1231,67,"N",0,19,49,7,18,22,26,13,22,15,8,1,2,17,1
2003,137,1246,95,"N",0,40,65,10,20,5,11,10,25,22,13,7,4,17,1
2003,137,1257,86,"N",0,35,70,8,24,8,13,15,29,18,12,12,4,22,1
2003,137,1268,75,"N",0,27,54,10,19,11,15,8,27,17,13,3,3,20,1
2003,137,1277,79,"N",0,26,56,7,13,20,25,10,28,16,11,5,1,18,1
2003,137,1329,77,"N",0,27,50,7,20,16,28,10,15,15,11,12,0,17,1
2003,137,1338,87,"N",0,33,59,9,16,12,21,10,23,22,9,14,6,19,1
2003,137,1345,80,"N",0,27,52,9,16,17,19,8,25,7,19,9,1,18,1
2003,137,1393,76,"N",0,30,52,4,11,12,15,11,28,16,18,5,9,17,1
2003,137,1400,82,"N",0,31,62,6,16,14,20,19,28,15,14,6,2,16,1
2003,137,1428,60,"N",0,18,61,9,23,15,18,13,23,8,15,7,4,22,1
2003,137,1448,76,"N",0,29,69,6,23,12,20,19,29,13,19,8,9,19,1
2003,137,1462,71,"N",0,26,64,6,20,13,18,17,30,19,10,5,4,11,1
2003,138,1112,96,"N",2,34,74,7,24,21,29,18,29,18,9,7,4,20,1
2003,138,1163,85,"N",0,31,68,6,10,17,21,17,26,12,9,4,1,13,1
2003,138,1181,86,"N",0,32,52,10,15,12,16,4,23,14,11,15,9,18,1
2003,138,1242,108,"N",0,40,59,5,9,23,34,12,28,21,13,6,6,20,1
2003,138,1266,101,"N",1,35,62,12,18,19,20,8,25,18,12,6,0,20,1
2003,138,1323,68,"N",0,25,61,13,24,5,5,5,32,12,11,5,4,13,1
2003,138,1328,74,"N",0,26,51,7,13,15,24,13,23,16,12,2,2,15,1
2003,138,1458,61,"N",0,22,57,6,22,11,17,10,22,12,5,5,3,11,1
2003,139,1120,68,"N",0,24,56,4,19,16,20,12,21,11,14,9,6,18,1
2003,139,1139,79,"N",0,27,52,14,22,11,19,10,18,21,12,6,2,11,1
2003,139,1246,74,"N",0,26,55,4,13,18,18,13,22,11,13,4,3,16,1
2003,139,1268,77,"N",0,30,58,3,13,14,17,7,32,19,8,2,6,21,1
2003,139,1277,68,"N",0,25,45,6,16,12,18,9,21,15,10,5,0,18,1
2003,139,1338,74,"N",0,25,47,4,9,20,28,10,21,15,11,9,1,14,1
2003,139,1393,68,"N",0,26,57,5,12,11,18,5,33,16,17,11,9,19,1
2003,139,1400,77,"N",0,25,62,5,11,22,26,13,27,8,13,4,0,21,1
2003,143,1112,88,"N",0,36,76,7,14,9,11,14,30,19,10,12,5,17,1
2003,143,1242,69,"N",0,29,67,1,12,10,17,18,29,14,17,4,5,16,1
2003,143,1246,63,"N",0,24,49,1,5,14,24,12,21,9,14,10,4,17,1
2003,143,1266,77,"N",0,28,54,6,12,15,22,10,18,16,10,7,3,18,1
2003,144,1277,60,"N",0,22,56,6,17,10,12,11,26,10,18,8,3,20,1
2003,144,1328,65,"N",0,27,55,4,10,7,12,19,20,15,13,6,1,18,1
2003,144,1393,79,"N",0,29,66,5,14,16,21,15,21,14,10,9,7,17,1
2003,144,1400,82,"N",0,24,69,5,18,29,36,21,31,13,10,5,5,21,1
2003,145,1242,78,"N",0,29,67,8,26,12,18,15,22,16,15,13,5,20,1
2003,145,1266,83,"N",0,31,55,10,19,11,15,10,26,21,15,6,6,22,1
2003,146,1393,63,"N",0,25,48,2,12,11,19,12,28,16,24,13,2,13,1
2003,146,1400,85,"N",0,25,51,6,14,29,38,8,20,16,4,6,4,22,1
2003,152,1242,94,"N",0,38,71,8,19,10,17,19,33,22,12,8,5,15,1
2003,152,1393,95,"N",0,32,56,7,13,24,31,9,28,14,13,9,2,21,1
2003,154,1393,81,"N",0,30,63,11,18,10,17,11,25,13,17,10,7,22,1
2004,134,1197,72,"N",0,25,63,6,20,16,23,19,25,11,12,8,2,15,1
2004,136,1104,65,"N",0,24,53,7,16,10,16,11,24,7,12,7,2,7,1
2004,136,1163,70,"N",0,26,52,6,14,12,23,11,31,14,13,6,3,8,1
2004,136,1177,76,"N",2,24,59,5,13,23,40,11,38,13,11,4,3,19,1
2004,136,1181,96,"N",0,32,66,9,26,23,31,17,29,19,14,14,4,19,1
2004,136,1211,76,"N",0,29,54,3,13,15,25,10,36,19,15,6,5,14,1
2004,136,1264,75,"N",0,26,60,6,15,17,21,13,23,10,10,8,4,21,1
2004,136,1268,86,"N",0,29,59,8,18,20,31,16,21,17,14,7,6,20,1
2004,136,1305,72,"N",0,20,46,7,22,25,29,5,23,10,17,6,2,16,1
2004,136,1314,63,"N",0,22,53,4,13,15,18,14,21,12,13,10,1,15,1
2004,136,1371,80,"N",0,27,58,8,22,18,24,12,21,12,10,6,0,19,1
2004,136,1386,82,"N",0,27,60,8,23,20,28,10,26,16,14,15,3,17,1
2004,136,1390,71,"N",0,27,54,6,14,11,15,11,29,11,20,11,9,20,1
2004,136,1393,80,"N",0,24,46,11,16,21,28,5,18,12,7,2,4,15,1
2004,136,1400,66,"N",0,23,50,11,15,9,14,17,26,10,13,3,1,16,1
2004,136,1403,76,"N",0,29,59,4,11,14,18,14,22,17,16,7,2,16,1
2004,136,1448,79,"N",0,28,54,6,16,17,27,9,23,16,11,7,2,16,1
2004,137,1130,58,"N",0,23,44,3,4,9,11,4,21,20,8,4,3,13,1
2004,137,1153,80,"N",0,29,62,13,32,9,11,12,33,22,17,3,11,19,1
2004,137,1210,65,"N",0,25,55,6,18,9,12,8,29,10,12,4,3,14,1
2004,137,1228,72,"N",0,27,60,9,24,9,13,16,28,19,8,5,5,17,1
2004,137,1242,78,"N",0,24,39,5,12,25,40,6,35,18,25,6,8,19,1
2004,137,1246,96,"N",0,35,62,11,28,15,23,13,29,23,17,8,5,15,1
2004,137,1272,59,"N",0,23,59,9,27,4,7,14,22,16,9,3,4,15,1
2004,137,1280,85,"N",0,30,56,8,22,17,23,13,34,19,17,12,3,13,1
2004,137,1301,61,"N",0,18,49,5,17,20,24,13,24,10,15,5,0,20,1
2004,137,1329,75,"N",0,30,55,2,6,13,16,11,26,15,15,12,5,16,1
2004,137,1334,66,"N",0,24,50,6,14,12,18,7,22,17,12,7,1,11,1
2004,137,1338,53,"N",0,13,44,5,16,22,31,10,27,7,13,8,1,15,1
2004,137,1412,102,"N",0,30,65,9,26,33,44,11,26,23,12,8,2,26,1
2004,137,1435,71,"N",0,26,46,11,19,8,18,8,25,16,17,9,5,15,1
2004,137,1458,76,"N",0,25,51,8,18,18,24,11,18,14,9,7,3,11,1
2004,137,1462,80,"N",0,23,46,9,18,25,29,12,27,15,15,6,1,12,1
2004,138,1104,70,"N",0,16,43,4,19,34,44,5,24,8,8,6,8,16,1
2004,138,1163,72,"N",0,26,60,5,16,15,23,13,31,15,5,5,5,15,1
2004,138,1181,90,"N",0,26,48,4,11,34,38,11,29,16,10,3,3,18,1
2004,138,1305,91,"N",0,30,64,8,17,23,29,14,29,18,8,4,4,18,1
2004,138,1386,70,"N",0,27,57,12,31,4,5,11,20,13,13,4,0,16,1
2004,138,1393,72,"N",0,22,55,4,12,24,38,12,26,11,12,7,5,25,1
2004,138,1400,78,"N",0,27,55,5,13,19,23,9,26,10,11,6,1,19,1
2004,138,1448,84,"N",0,29,57,8,20,18,24,8,29,15,10,5,2,18,1
2004,139,1210,57,"N",0,23,51,6,18,5,6,8,16,15,17,12,1,17,1
2004,139,1228,92,"N",0,35,55,11,19,11,14,2,19,26,4,9,1,14,1
2004,139,1242,78,"N",0,29,60,5,15,15,21,15,25,17,13,11,3,15,1
2004,139,1329,70,"N",0,28,47,5,12,9,17,14,20,18,17,8,1,16,1
2004,139,1338,59,"N",0,21,59,2,10,15,19,15,25,10,9,7,3,17,1
2004,139,1412,76,"N",0,30,67,8,18,8,13,18,15,19,12,9,1,19,1
2004,139,1435,75,"N",0,23,49,10,25,19,21,10,17,15,8,4,2,13,1
2004,139,1462,89,"N",0,30,55,13,19,16,23,6,32,14,13,3,9,14,1
2004,143,1104,80,"N",0,26,52,9,22,19,23,10,17,22,9,11,6,17,1
2004,143,1163,73,"N",0,27,51,6,17,13,15,11,33,14,18,6,4,10,1
2004,143,1329,63,"N",0,22,45,4,8,15,16,6,24,13,10,6,5,16,1
2004,143,1386,84,"N",0,29,58,12,24,14,23,10,20,15,11,8,4,21,1
2004,144,1181,72,"N",0,28,51,6,18,10,15,5,24,19,13,10,5,14,1
2004,144,1210,72,"N",0,27,63,6,18,12,22,13,36,10,16,9,5,22,1
2004,144,1242,100,"N",0,30,56,4,10,36,44,10,35,21,17,9,3,19,1
2004,144,1462,79,"N",0,23,58,8,25,25,35,16,23,13,7,6,3,20,1
2004,145,1163,87,"N",0,29,60,10,17,19,29,15,25,17,7,3,7,18,1
2004,145,1329,64,"N",0,25,53,4,17,10,15,12,30,13,13,2,6,16,1
2004,146,1181,66,"N",0,21,54,8,20,16,20,10,29,15,11,6,7,23,1
2004,146,1210,79,"N",1,25,56,3,16,26,34,11,30,14,12,13,3,17,1
2004,152,1163,79,"N",0,26,52,6,11,21,32,13,31,9,18,5,6,20,1
2004,152,1210,67,"N",0,24,49,7,17,12,16,7,22,16,12,7,4,19,1
2004,154,1163,82,"N",0,26,61,5,17,25,39,18,32,10,16,5,2,18,1
2005,134,1324,79,"N",0,29,57,7,15,14,20,14,29,14,17,2,2,14,1
2005,136,1112,66,"N",0,23,49,6,14,14,18,9,24,9,11,3,6,12,1
2005,136,1130,85,"N",0,30,52,8,12,17,25,8,33,24,19,8,6,14,1
2005,136,1153,76,"N",0,27,57,9,18,13,22,9,27,18,8,5,8,19,1
2005,136,1211,74,"N",0,27,59,5,16,15,22,11,29,13,10,5,5,14,1
2005,136,1228,67,"N",0,23,54,6,21,15,21,8,22,16,8,8,2,13,1
2005,136,1246,72,"N",0,26,51,2,11,18,26,9,22,11,14,9,4,11,1
2005,136,1305,61,"N",0,23,62,3,14,12,18,16,33,11,8,4,7,14,1
2005,136,1328,84,"N",0,34,74,3,13,13,15,14,34,16,14,9,3,14,1
2005,136,1334,79,"N",0,26,55,10,20,17,23,10,25,15,12,2,1,18,1
2005,136,1403,78,"N",0,32,52,3,7,11,16,4,28,21,14,7,2,14,1
2005,136,1412,82,"N",0,27,59,7,16,21,36,11,24,15,15,8,2,23,1
2005,136,1428,60,"N",0,21,49,6,24,12,20,15,25,15,18,7,4,13,1
2005,136,1448,70,"N",0,24,58,8,28,14,21,15,22,16,15,10,2,12,1
2005,136,1449,88,"N",0,32,58,9,19,15,22,9,23,19,16,9,1,14,1
2005,136,1452,63,"N",0,22,46,8,20,11,13,8,21,19,16,12,4,15,1
2005,136,1454,83,"N",0,26,50,12,21,19,28,8,14,20,7,6,1,18,1
2005,137,1137,64,"N",0,22,55,8,31,12,16,9,21,17,9,10,1,21,1
2005,137,1163,77,"N",0,29,58,3,6,16,25,14,29,17,13,7,6,13,1
2005,137,1181,57,"N",0,16,39,6,20,19,29,5,27,9,8,5,6,15,1
2005,137,1196,67,"N",0,21,54,7,23,18,19,11,21,15,16,11,8,21,1
2005,137,1210,80,"N",0,28,56,7,16,17,22,10,32,11,17,10,3,22,1
2005,137,1235,64,"N",0,25,57,2,8,12,19,15,24,11,13,12,8,17,1
2005,137,1257,68,"N",0,22,57,6,22,18,27,16,20,12,11,5,2,19,1
2005,137,1277,89,"N",0,29,51,3,14,28,36,5,25,11,13,9,1,22,1
2005,137,1280,93,"N",0,32,57,9,17,20,26,10,29,13,9,3,6,19,1
2005,137,1301,75,"N",0,26,59,4,19,19,22,11,22,14,16,14,8,10,1
2005,137,1314,96,"N",0,37,58,12,19,10,19,15,24,27,15,9,3,13,1
2005,137,1329,63,"N",0,18,37,4,7,23,29,8,22,13,17,11,1,13,1
2005,137,1356,65,"N",0,25,61,4,12,11,14,12,21,12,10,8,2,22,1
2005,137,1436,60,"N",1,22,59,7,21,9,11,13,17,14,16,10,0,12,1
2005,137,1437,55,"N",0,15,53,8,29,17,24,18,29,9,20,12,4,15,1
2005,137,1458,57,"N",0,20,48,11,26,6,10,5,25,14,8,3,2,13,1
2005,138,1112,85,"N",0,30,57,7,22,18,23,11,28,16,16,7,7,14,1
2005,138,1228,71,"N",0,26,49,2,12,17,20,6,26,18,16,9,3,18,1
2005,138,1246,69,"N",0,25,49,7,12,12,18,7,29,16,15,7,5,17,1
2005,138,1403,71,"N",0,29,59,4,11,9,16,8,24,18,7,7,1,14,1
2005,138,1428,67,"N",0,22,37,5,8,18,28,9,30,15,20,2,2,19,1
2005,138,1449,97,"N",0,36,64,9,23,16,19,12,23,17,7,2,3,20,1
2005,138,1452,111,"N",2,37,70,7,21,30,39,10,25,20,11,5,5,26,1
2005,138,1454,83,"N",0,26,55,11,24,20,22,10,16,17,16,11,5,26,1
2005,139,1181,63,"N",0,19,50,8,21,17,21,13,30,8,16,8,6,22,1
2005,139,1257,76,"N",0,22,42,10,21,22,28,9,28,10,11,1,7,15,1
2005,139,1277,72,"N",0,27,56,2,12,16,22,12,27,12,9,4,4,16,1
2005,139,1301,65,"N",0,20,50,10,20,15,17,7,19,13,13,10,4,18,1
2005,139,1314,92,"N",0,31,65,8,25,22,37,15,35,20,13,14,4,18,1
2005,139,1329,85,"N",0,25,46,6,12,29,33,8,22,18,14,3,0,23,1
2005,139,1437,76,"N",0,24,58,3,11,25,35,17,27,10,14,11,4,23,1
2005,139,1458,71,"N",0,21,46,7,17,22,29,8,22,14,7,5,1,12,1
2005,143,1112,79,"N",0,31,47,7,14,10,17,8,23,17,14,3,5,17,1
2005,143,1228,77,"N",0,28,57,9,20,12,15,8,25,20,9,7,2,20,1
2005,143,1257,93,"N",0,31,56,11,26,20,28,10,34,17,17,8,4,18,1
2005,143,1452,65,"N",0,24,51,9,22,8,13,11,20,14,18,5,3,15,1
2005,144,1246,62,"N",0,24,39,4,13,10,19,4,21,10,14,6,2,25,1
2005,144,1277,78,"N",0,27,65,5,14,19,23,16,22,12,16,13,0,22,1
2005,144,1314,67,"N",0,20,48,8,19,19,24,12,30,11,17,3,3,24,1
2005,144,1458,65,"N",0,21,42,4,10,19,25,4,31,7,18,2,0,14,1
2005,145,1228,90,"N",1,32,71,16,35,10,15,14,18,21,13,12,2,18,1
2005,145,1257,93,"N",1,32,58,11,28,18,29,15,19,19,11,8,4,18,1
2005,146,1277,94,"N",2,30,64,10,19,24,30,17,23,15,13,6,3,20,1
2005,146,1314,88,"N",0,34,64,5,16,15,18,12,21,19,9,5,5,15,1
2005,152,1228,72,"N",0,27,56,12,30,6,8,10,28,21,7,4,0,12,1
2005,152,1314,87,"N",0,35,71,6,20,11,17,13,38,18,13,5,6,17,1
2005,154,1314,75,"N",0,27,52,9,16,12,19,8,26,12,10,4,2,13,1
2006,134,1284,71,"N",0,27,61,10,26,7,9,7,31,21,9,2,10,11,1
2006,136,1104,90,"N",0,28,55,12,23,22,31,16,16,15,14,4,3,17,1
2006,136,1130,88,"N",2,29,57,6,23,24,29,7,23,22,8,12,2,16,1
2006,136,1181,70,"N",0,24,49,5,15,17,20,9,26,15,20,9,8,11,1
2006,136,1196,76,"N",0,29,59,10,25,8,10,8,31,21,11,8,7,9,1
2006,136,1203,88,"N",1,31,66,10,22,16,22,15,19,16,10,6,1,20,1
2006,136,1211,79,"N",0,26,50,6,12,21,27,8,25,11,10,4,4,25,1
2006,136,1228,78,"N",0,29,50,8,22,12,14,7,21,17,11,6,1,17,1
2006,136,1231,87,"N",0,35,71,8,26,9,16,15,16,14,9,11,0,16,1
2006,136,1261,80,"N",0,27,51,5,10,21,27,9,30,16,18,8,11,17,1
2006,136,1285,87,"N",0,29,56,6,12,23,27,10,22,18,8,2,2,12,1
2006,136,1397,63,"N",0,24,53,5,21,10,14,11,22,12,13,6,6,15,1
2006,136,1401,66,"N",0,20,56,7,20,19,22,14,24,14,10,8,5,19,1
2006,136,1417,78,"N",0,30,56,4,13,14,17,9,36,20,14,11,4,14,1
2006,136,1449,75,"N",0,28,59,12,27,7,8,5,17,16,7,11,1,14,1
2006,136,1454,82,"N",0,25,55,6,20,26,32,10,22,13,12,8,1,15,1
2006,136,1455,86,"N",0,27,57,10,22,22,32,14,30,19,15,6,3,20,1
2006,137,1112,94,"N",0,35,59,5,10,19,23,11,25,19,9,9,6,19,1
2006,137,1133,77,"N",0,23,52,11,21,20,32,11,24,17,16,6,1,17,1
2006,137,1137,59,"N",0,17,44,11,21,14,18,8,21,10,14,10,2,17,1
2006,137,1163,72,"N",0,27,46,8,16,10,13,7,21,17,16,6,5,9,1
2006,137,1206,75,"N",0,29,49,5,12,12,26,10,30,7,14,4,6,10,1
2006,137,1207,54,"N",0,20,46,5,19,9,14,8,24,15,9,4,4,12,1
2006,137,1246,69,"N",0,19,61,5,25,26,30,20,27,12,8,2,3,16,1
2006,137,1272,94,"N",0,37,61,11,22,9,16,12,21,16,13,10,2,21,1
2006,137,1301,58,"N",0,21,42,5,16,11,17,7,18,10,11,5,1,15,1
2006,137,1314,69,"N",0,22,48,5,18,20,25,12,25,15,17,10,3,12,1
2006,137,1322,64,"N",0,23,60,9,23,9,14,14,17,17,11,9,4,21,1
2006,137,1326,70,"N",0,26,65,5,22,13,23,15,28,10,4,2,4,13,1
2006,137,1338,79,"N",0,31,46,6,14,11,15,4,24,18,12,4,7,13,1
2006,137,1400,60,"N",0,18,45,2,10,22,26,14,28,7,11,4,6,14,1
2006,137,1437,58,"N",0,16,52,7,25,19,23,15,25,7,13,13,1,17,1
2006,137,1452,64,"N",0,22,50,11,32,9,11,9,22,15,11,8,3,10,1
2006,138,1130,69,"N",0,27,63,8,17,7,9,15,29,16,8,2,9,11,1
2006,138,1181,74,"N",0,21,44,6,16,26,37,9,30,12,18,4,10,15,1
2006,138,1196,82,"N",0,30,56,8,20,14,19,10,31,17,10,6,7,19,1
2006,138,1211,90,"N",0,28,61,2,11,32,41,14,27,13,7,9,2,14,1
2006,138,1261,58,"N",0,19,54,2,12,18,23,12,23,5,13,4,6,12,1
2006,138,1417,62,"N",0,24,47,9,25,5,13,7,14,17,11,5,4,20,1
2006,138,1449,67,"N",0,17,45,5,15,28,39,8,27,8,11,5,5,17,1
2006,138,1455,80,"N",0,24,48,9,15,23,29,9,25,16,13,3,2,12,1
2006,139,1133,72,"N",0,22,59,2,6,26,32,16,24,14,8,8,2,16,1
2006,139,1163,87,"N",0,31,62,4,13,21,30,13,22,16,12,7,1,16,1
2006,139,1206,65,"N",0,23,58,4,16,15,19,11,27,14,8,7,2,8,1
2006,139,1207,70,"N",0,27,58,6,14,10,12,12,25,18,8,6,5,10,1
2006,139,1272,72,"N",0,23,48,7,16,19,26,7,18,15,9,10,2,20,1
2006,139,1400,75,"N",0,26,56,8,19,15,19,9,29,17,10,8,3,14,1
2006,139,1437,82,"N",0,28,52,9,19,17,20,12,19,13,13,6,4,19,1
2006,139,1452,67,"N",0,18,46,7,22,24,33,8,20,11,14,13,2,15,1
2006,143,1261,62,"N",0,24,61,2,7,12,23,16,29,14,15,7,9,16,1
2006,143,1272,80,"N",0,31,60,6,15,12,18,11,30,11,13,10,7,18,1
2006,143,1400,74,"N",0,28,58,4,19,14,20,17,28,19,13,8,1,12,1
2006,143,1417,73,"N",0,23,57,6,21,21,30,12,20,12,10,5,4,22,1
2006,144,1163,98,"N",1,27,51,10,19,34,47,10,32,15,26,7,5,20,1
2006,144,1196,57,"N",0,19,45,5,13,14,17,9,22,7,12,4,8,14,1
2006,144,1206,63,"N",0,20,44,8,16,15,23,2,30,12,9,5,5,16,1
2006,144,1437,60,"N",1,21,60,4,19,14,20,15,21,9,11,11,2,21,1
2006,145,1261,70,"N",1,28,66,3,18,11,16,9,33,18,10,8,7,13,1
2006,145,1417,50,"N",0,14,40,2,8,20,39,13,23,7,17,4,2,14,1
2006,146,1196,75,"N",0,22,54,4,17,27,31,19,34,14,16,2,8,22,1
2006,146,1206,86,"N",1,30,60,9,18,17,25,15,22,13,11,6,2,17,1
2006,152,1196,73,"N",0,23,53,12,25,15,19,16,24,8,15,5,4,12,1
2006,152,1417,59,"N",0,21,51,5,18,12,17,15,27,10,17,10,5,24,1
2006,154,1196,73,"N",0,26,58,6,19,15,20,9,26,21,6,7,10,13,1
2007,134,1310,77,"N",0,24,62,8,27,21,28,17,25,10,11,5,2,17,1
2007,136,1130,84,"N",0,30,57,8,20,16,20,11,24,16,8,3,9,10,1
2007,136,1139,57,"N",0,19,46,9,24,10,16,9,26,11,11,6,3,15,1
2007,136,1207,80,"N",0,29,53,7,16,15,20,12,27,17,12,9,4,16,1
2007,136,1231,70,"N",0,23,58,9,25,15,16,12,33,15,13,3,2,14,1
2007,136,1257,78,"N",0,25,51,7,17,21,28,8,18,12,13,11,1,25,1
2007,136,1268,82,"N",0,31,68,6,17,14,19,19,35,19,22,8,4,15,1
2007,136,1277,61,"N",0,22,41,4,10,13,15,4,24,17,15,6,3,18,1
2007,136,1314,86,"N",0,37,57,6,13,6,11,11,27,24,22,7,6,8,1
2007,136,1326,78,"N",0,28,54,11,20,11,18,9,26,14,10,5,2,5,1
2007,136,1338,79,"N",0,30,55,10,21,9,14,8,36,21,17,3,7,12,1
2007,136,1401,68,"N",0,24,51,5,13,15,27,11,29,10,8,4,5,13,1
2007,136,1417,70,"N",0,27,58,10,19,6,9,13,22,18,13,6,5,18,1
2007,136,1433,79,"N",0,26,61,9,16,18,24,14,17,14,11,13,1,26,1
2007,136,1435,77,"N",0,26,61,12,31,13,16,15,26,22,11,6,3,22,1
2007,136,1450,70,"N",0,27,57,5,13,11,12,11,25,12,6,3,8,16,1
2007,136,1462,79,"N",0,24,56,8,17,23,29,13,24,12,10,3,4,19,1
2007,137,1196,112,"N",0,43,73,10,28,16,27,24,38,27,12,5,6,13,1
2007,137,1242,107,"N",0,40,74,13,22,14,26,13,37,29,12,14,7,26,1
2007,137,1246,67,"N",0,20,44,5,19,22,31,10,27,12,11,5,5,18,1
2007,137,1272,73,"N",0,25,62,4,16,19,27,20,25,12,16,6,8,19,1
2007,137,1305,77,"N",1,28,62,7,20,14,17,15,33,16,19,2,9,16,1
2007,137,1332,58,"N",0,19,44,5,16,15,17,4,20,10,5,3,1,12,1
2007,137,1345,72,"N",0,24,63,5,17,19,29,19,20,10,8,12,1,18,1
2007,137,1356,61,"N",0,18,41,2,12,23,30,9,19,11,18,9,3,21,1
2007,137,1397,121,"N",0,43,73,14,27,21,30,16,27,25,6,11,4,20,1
2007,137,1400,79,"N",0,25,51,4,16,25,26,9,21,11,15,8,4,14,1
2007,137,1424,67,"N",0,19,60,8,30,21,27,24,20,15,9,5,5,20,1
2007,137,1425,77,"N",0,25,50,4,13,23,25,9,30,10,12,8,5,18,1
2007,137,1438,84,"N",0,30,56,9,17,15,18,15,26,16,8,3,5,14,1
2007,137,1439,54,"N",0,15,42,6,14,18,28,4,18,11,9,11,4,12,1
2007,137,1457,74,"N",0,28,62,8,21,10,19,10,33,20,13,5,6,16,1
2007,137,1458,76,"N",0,22,55,7,20,25,30,11,23,13,10,8,4,21,1
2007,138,1139,62,"N",0,23,52,12,26,4,6,8,15,14,12,10,0,15,1
2007,138,1207,62,"N",0,22,52,4,16,14,19,17,21,12,10,6,7,14,1
2007,138,1314,81,"N",0,25,52,6,16,25,34,14,26,12,10,6,3,17,1
2007,138,1326,78,"N",1,26,63,9,21,17,20,12,33,10,14,5,6,19,1
2007,138,1338,84,"N",1,31,57,6,12,16,27,14,28,20,16,5,6,17,1
2007,138,1401,72,"N",0,19,41,5,8,29,39,6,19,9,11,6,1,23,1
2007,138,1417,54,"N",0,17,47,2,9,18,24,9,29,10,10,6,2,19,1
2007,138,1435,78,"N",2,27,63,10,27,14,18,11,28,13,17,12,2,17,1
2007,139,1196,74,"N",0,21,42,5,18,27,31,7,24,11,15,7,4,14,1
2007,139,1242,88,"N",0,30,53,10,16,18,23,9,21,19,11,7,5,21,1
2007,139,1272,78,"N",0,23,59,6,17,26,34,16,24,10,10,7,5,16,1
2007,139,1332,75,"N",0,27,56,11,23,10,12,10,21,8,10,4,0,13,1
2007,139,1356,63,"N",0,19,43,12,21,13,23,6,24,11,9,5,3,19,1
2007,139,1397,77,"N",0,22,54,11,26,22,32,12,27,12,16,7,0,25,1
2007,139,1424,74,"N",0,24,52,10,20,16,20,6,27,12,9,3,2,22,1
2007,139,1425,87,"N",0,27,59,6,16,27,38,13,30,13,10,6,2,16,1
2007,143,1242,61,"N",0,25,42,1,6,10,19,6,20,16,19,9,1,16,1
2007,143,1272,65,"N",0,23,54,5,17,14,21,11,20,8,8,2,6,15,1
2007,143,1326,85,"N",0,27,51,8,22,23,35,8,25,13,8,3,5,17,1
2007,143,1417,64,"N",0,18,42,5,13,23,26,6,27,10,14,1,2,18,1
2007,144,1196,65,"N",0,17,34,8,19,23,28,6,21,9,13,1,6,16,1
2007,144,1207,66,"N",0,25,56,8,19,8,14,16,24,14,11,3,3,18,1
2007,144,1314,74,"N",0,30,77,2,14,12,17,20,26,11,9,6,4,14,1
2007,144,1332,76,"N",0,23,48,13,23,17,22,7,30,11,17,4,3,20,1
2007,145,1326,92,"N",0,26,51,5,17,35,41,9,25,9,8,8,2,15,1
2007,145,1417,68,"N",0,24,45,8,17,12,18,10,21,12,25,15,3,14,1
2007,146,1196,85,"N",0,23,48,11,24,28,43,15,24,10,18,5,5,14,1
2007,146,1207,96,"N",1,38,66,8,14,12,18,11,27,26,10,4,11,18,1
2007,152,1196,76,"N",0,24,45,9,22,19,31,8,35,10,16,2,6,17,1
2007,152,1326,67,"N",0,25,57,4,14,13,19,16,21,13,8,8,3,10,1
2007,154,1196,84,"N",0,26,53,10,18,22,25,10,28,11,15,5,3,19,1
2008,134,1291,69,"N",0,19,55,5,20,26,32,13,28,10,11,7,3,16,1
2008,136,1181,71,"N",0,25,58,6,21,15,21,13,27,9,15,11,2,17,1
2008,136,1242,85,"N",0,33,61,12,25,7,15,15,23,21,11,10,3,15,1
2008,136,1243,80,"N",0,29,60,7,16,15,26,21,23,15,13,7,1,21,1
2008,136,1266,74,"N",0,23,52,5,13,23,29,15,19,10,7,5,3,18,1
2008,136,1277,72,"N",0,26,54,4,15,16,18,10,27,19,12,4,2,18,1
2008,136,1323,68,"N",0,26,57,9,21,7,11,11,31,14,13,4,5,15,1
2008,136,1338,82,"N",0,32,69,8,22,10,13,16,34,17,9,5,1,13,1
2008,136,1345,90,"N",0,33,67,9,20,15,18,16,27,14,13,6,6,18,1
2008,136,1390,77,"N",0,31,56,8,18,7,10,13,34,20,19,5,7,15,1
2008,136,1401,67,"N",0,25,46,8,16,9,17,9,28,18,13,2,0,15,1
2008,136,1417,70,"N",0,27,57,8,20,8,11,12,40,20,12,7,13,9,1
2008,136,1424,71,"N",0,29,57,6,18,7,9,7,29,16,19,11,7,16,1
2008,136,1450,71,"N",0,29,49,4,13,9,13,8,32,20,10,4,3,11,1
2008,136,1452,75,"N",0,28,55,11,19,8,9,6,21,16,9,6,3,17,1
2008,136,1458,71,"N",0,25,59,3,16,18,25,18,32,13,17,8,7,11,1
2008,136,1462,73,"N",0,20,47,6,18,27,33,6,23,11,8,9,1,12,1
2008,137,1116,86,"N",0,26,48,8,17,26,33,9,25,14,12,5,4,18,1
2008,137,1139,81,"N",0,27,53,15,28,12,13,7,21,18,10,9,1,21,1
2008,137,1172,82,"N",0,28,57,11,22,15,21,10,19,18,14,9,1,18,1
2008,137,1207,66,"N",0,26,51,8,23,6,14,11,29,14,15,6,2,12,1
2008,137,1257,79,"N",0,29,52,12,24,9,18,7,20,15,16,10,6,17,1
2008,137,1272,87,"N",0,28,54,9,20,22,35,16,23,18,12,7,5,18,1
2008,137,1274,78,"N",0,28,63,5,13,17,21,13,34,14,16,4,4,20,1
2008,137,1280,76,"N",0,24,51,4,17,24,36,8,32,16,12,5,6,15,1
2008,137,1314,113,"N",0,43,71,7,16,20,25,18,30,25,9,11,4,16,1
2008,137,1328,72,"N",0,24,42,6,14,18,26,6,19,14,9,5,2,18,1
2008,137,1360,70,"N",1,31,65,4,12,4,7,12,19,13,11,11,4,21,1
2008,137,1373,83,"N",0,26,46,9,20,22,25,5,24,16,17,10,0,11,1
2008,137,1397,72,"N",0,22,45,6,19,22,31,6,21,13,14,12,3,16,1
2008,137,1400,74,"N",0,27,55,10,22,10,18,15,29,17,11,2,6,16,1
2008,137,1437,75,"N",0,22,44,7,13,24,29,5,31,8,19,6,1,15,1
2008,137,1443,101,"N",1,37,68,14,28,13,19,13,28,18,22,5,4,29,1
2008,138,1242,75,"N",0,29,50,5,13,12,19,7,29,9,10,7,1,26,1
2008,138,1277,65,"N",0,25,52,6,10,9,9,10,27,12,15,1,3,17,1
2008,138,1390,82,"N",1,28,60,7,14,19,28,11,27,23,8,4,4,14,1
2008,138,1417,51,"N",0,19,44,6,18,7,11,8,21,7,14,7,11,16,1
2008,138,1450,61,"N",0,24,54,4,17,9,14,8,29,14,7,8,2,15,1
2008,138,1452,73,"N",0,25,62,4,11,19,22,19,28,12,17,1,5,25,1
2008,138,1458,72,"N",0,24,46,9,22,15,24,4,22,10,10,3,0,18,1
2008,138,1462,85,"N",0,27,50,5,12,26,33,5,29,12,14,5,3,17,1
2008,139,1172,74,"N",0,22,57,6,28,24,30,12,16,10,5,6,0,20,1
2008,139,1257,78,"N",0,32,54,9,17,5,15,10,23,24,12,7,3,18,1
2008,139,1272,77,"N",0,28,63,6,16,15,32,19,26,19,5,3,11,16,1
2008,139,1314,108,"N",0,44,65,8,16,12,17,11,21,28,7,3,5,18,1
2008,139,1397,76,"N",1,26,59,5,19,19,29,16,30,12,20,5,3,24,1
2008,139,1400,75,"N",0,25,57,13,26,12,21,16,25,17,13,3,7,19,1
2008,139,1437,84,"N",0,30,56,6,13,18,24,6,31,15,15,8,2,27,1
2008,139,1443,72,"N",0,25,52,6,16,16,21,8,23,11,14,13,6,19,1
2008,143,1257,79,"N",0,26,50,4,14,23,30,9,34,14,20,6,7,23,1
2008,143,1314,68,"N",0,25,58,5,15,13,19,14,32,11,13,5,5,16,1
2008,143,1417,88,"N",0,29,58,4,9,26,35,17,34,17,19,6,8,22,1
2008,143,1462,79,"N",1,28,59,11,19,12,21,15,26,16,12,3,5,25,1
2008,144,1172,73,"N",0,26,53,12,24,9,12,11,17,18,7,9,0,19,1
2008,144,1242,72,"N",0,24,45,8,19,16,20,7,26,16,18,8,5,18,1
2008,144,1272,92,"N",0,31,59,4,13,26,35,17,22,13,9,9,7,16,1
2008,144,1400,82,"N",0,32,65,7,22,11,18,14,28,16,6,7,5,14,1
2008,145,1314,83,"N",0,31,58,3,11,18,21,15,18,16,14,9,0,17,1
2008,145,1417,76,"N",0,28,52,7,15,13,18,13,24,17,14,6,6,19,1
2008,146,1242,59,"N",0,23,52,5,14,8,14,10,28,12,14,5,5,16,1
2008,146,1272,85,"N",0,26,52,3,11,30,36,7,32,18,7,4,5,13,1
2008,152,1242,84,"N",0,34,64,5,15,11,14,11,31,17,19,10,9,21,1
2008,152,1272,78,"N",0,27,64,4,12,20,23,15,28,10,9,7,6,14,1
2008,154,1242,75,"N",1,29,55,3,12,14,15,9,30,14,17,11,1,18,1
2009,134,1287,58,"N",0,18,50,4,15,18,24,16,34,13,21,6,2,14,1
2009,136,1163,103,"N",0,37,71,6,24,23,39,17,41,28,10,12,6,11,1
2009,136,1181,86,"N",0,28,57,9,20,21,25,17,21,21,15,6,3,14,1
2009,136,1211,77,"N",0,23,44,5,15,26,31,7,27,15,8,5,5,18,1
2009,136,1261,75,"N",0,27,55,6,14,15,21,9,21,14,11,11,8,20,1
2009,136,1268,84,"N",0,31,63,6,16,16,24,16,20,18,9,5,1,17,1
2009,136,1272,81,"N",0,29,59,11,28,12,21,12,23,19,14,14,3,16,1
2009,136,1276,62,"N",0,20,51,10,26,12,15,9,24,16,14,5,3,11,1
2009,136,1314,101,"N",0,38,84,5,14,20,24,20,39,17,12,11,8,13,1
2009,136,1328,82,"N",0,29,48,4,12,20,32,7,38,15,15,5,6,11,1
2009,136,1345,61,"N",0,21,52,3,15,16,22,10,22,11,10,8,3,13,1
2009,136,1400,76,"N",0,27,57,11,20,11,19,14,27,12,14,6,1,18,1
2009,136,1401,79,"N",0,30,52,6,17,13,19,7,28,20,14,2,6,15,1
2009,136,1417,65,"N",0,21,52,6,12,17,19,9,24,9,12,9,1,20,1
2009,136,1437,80,"N",0,24,50,6,18,26,29,10,28,15,16,8,8,12,1
2009,136,1443,76,"N",0,27,56,9,19,13,22,9,28,13,15,8,4,12,1
2009,136,1449,71,"N",0,27,62,2,9,15,21,17,28,13,15,5,0,21,1
2009,137,1112,84,"N",0,30,55,4,12,20,28,11,23,11,14,13,2,15,1
2009,137,1113,66,"N",0,20,39,8,14,18,24,3,24,12,11,4,1,14,1
2009,137,1156,84,"N",0,31,65,6,15,16,22,14,18,15,6,9,1,17,1
2009,137,1173,68,"N",0,25,54,4,10,14,23,13,19,14,9,5,2,22,1
2009,137,1242,84,"N",0,32,64,4,12,16,20,10,29,17,5,5,2,17,1
2009,137,1257,74,"N",0,29,50,10,24,6,11,8,21,19,19,9,4,16,1
2009,137,1266,58,"N",0,17,47,5,19,19,23,10,22,7,9,4,2,14,1
2009,137,1277,77,"N",0,28,61,4,13,17,23,17,32,15,10,6,4,15,1
2009,137,1281,78,"N",0,28,59,5,20,17,19,9,28,19,4,4,1,11,1
2009,137,1329,77,"N",0,30,53,7,21,10,13,8,23,13,12,5,0,19,1
2009,137,1338,72,"N",0,24,55,7,19,17,23,9,38,16,18,5,3,16,1
2009,137,1373,74,"N",2,24,72,6,24,20,28,23,30,13,22,9,3,18,1
2009,137,1393,59,"N",0,25,55,2,16,7,10,12,43,14,21,3,11,12,1
2009,137,1425,72,"N",0,27,51,4,9,14,19,11,24,19,13,7,6,18,1
2009,137,1458,61,"N",1,22,54,9,27,8,12,5,21,10,9,4,2,16,1
2009,137,1462,77,"N",0,29,54,8,19,11,18,10,24,12,7,5,2,17,1
2009,138,1163,92,"N",0,33,57,5,10,21,27,12,27,20,9,3,5,16,1
2009,138,1181,74,"N",0,23,53,7,14,21,27,12,19,9,9,8,2,20,1
2009,138,1211,83,"N",0,30,60,9,21,14,19,9,22,18,11,4,4,12,1
2009,138,1272,89,"N",0,31,53,10,19,17,22,8,27,21,13,6,3,17,1
2009,138,1314,84,"N",0,32,59,6,13,14,18,11,21,13,10,11,5,9,1
2009,138,1328,73,"N",0,25,51,6,19,17,27,13,22,18,11,5,4,13,1
2009,138,1345,76,"N",0,25,64,7,16,19,23,15,25,15,11,5,7,21,1
2009,138,1437,89,"N",0,31,67,8,25,19,27,16,25,20,11,11,1,22,1
2009,139,1112,71,"N",0,22,44,3,11,24,28,6,27,12,11,8,3,19,1
2009,139,1242,60,"N",0,23,53,3,16,11,22,11,39,9,17,5,12,11,1
2009,139,1257,79,"N",0,32,65,9,20,6,13,19,28,18,17,3,7,13,1
2009,139,1277,74,"N",0,22,51,6,13,24,31,12,24,20,16,5,1,18,1
2009,139,1281,83,"N",0,31,64,7,22,14,20,10,20,14,7,6,4,23,1
2009,139,1338,84,"N",0,28,57,11,28,17,26,19,22,18,14,2,5,12,1
2009,139,1393,78,"N",0,26,47,9,20,17,21,4,29,18,10,4,0,15,1
2009,139,1462,60,"N",0,18,46,6,14,18,26,7,30,12,14,4,5,20,1
2009,143,1163,72,"N",0,25,56,3,8,19,30,14,34,19,13,6,6,12,1
2009,143,1281,102,"N",0,33,62,6,16,30,45,12,25,17,12,9,3,24,1
2009,143,1338,60,"N",0,22,65,4,15,12,19,18,26,9,9,9,3,13,1
2009,143,1437,77,"N",0,27,64,4,18,19,23,13,36,9,12,5,5,23,1
2009,144,1257,103,"N",0,38,66,14,29,13,14,11,25,29,9,10,3,15,1
2009,144,1277,67,"N",0,23,59,5,15,16,17,13,18,17,13,13,2,16,1
2009,144,1314,98,"N",0,36,68,11,19,15,27,11,31,23,9,8,4,17,1
2009,144,1328,84,"N",0,32,59,9,21,11,18,15,21,19,18,11,3,14,1
2009,145,1163,82,"N",0,27,53,2,12,26,32,11,36,15,17,3,8,13,1
2009,145,1437,78,"N",0,25,56,6,20,22,23,13,20,9,13,6,5,24,1
2009,146,1277,64,"N",0,24,52,8,16,8,11,13,24,19,12,7,1,22,1
2009,146,1314,72,"N",0,26,51,5,14,15,16,6,21,13,12,9,2,19,1
2009,152,1277,82,"N",0,31,72,6,19,14,20,18,24,18,11,11,3,25,1
2009,152,1314,83,"N",0,25,62,11,22,22,37,14,34,16,12,6,6,20,1
2009,154,1314,89,"N",0,28,61,5,12,28,40,11,24,13,7,9,0,22,1
2010,134,1115,61,"N",0,17,44,6,16,21,28,10,29,12,10,3,7,16,1
2010,136,1124,68,"N",0,26,59,5,20,11,17,8,39,18,14,8,2,18,1
2010,136,1139,77,"N",0,23,50,13,31,18,28,8,24,14,10,6,1,13,1
2010,136,1140,99,"N",2,32,65,10,23,25,32,10,23,11,12,12,2,17,1
2010,136,1242,90,"N",0,38,69,9,21,5,10,14,27,17,14,10,11,18,1
2010,136,1243,82,"N",0,31,61,7,18,13,20,17,23,12,11,9,10,25,1
2010,136,1246,100,"N",0,31,60,15,33,23,34,11,33,27,14,8,11,24,1
2010,136,1293,66,"N",0,25,60,7,15,9,17,15,24,13,11,4,4,21,1
2010,136,1307,62,"N",0,22,53,5,20,13,23,10,21,14,6,8,3,14,1
2010,136,1320,69,"N",0,20,45,9,19,20,23,13,22,11,16,7,2,16,1
2010,136,1325,97,"N",0,32,55,13,23,20,26,8,18,15,12,6,3,18,1
2010,136,1330,51,"N",0,20,48,3,13,8,12,9,22,11,8,7,2,9,1
2010,136,1388,80,"N",0,26,53,8,19,20,28,19,21,11,13,5,3,15,1
2010,136,1397,62,"N",0,20,52,8,17,14,18,13,19,10,11,3,3,19,1
2010,136,1437,73,"N",1,18,51,6,22,31,40,11,18,9,16,13,10,19,1
2010,136,1448,81,"N",1,30,70,6,18,15,24,20,39,15,20,2,4,24,1
2010,136,1449,80,"N",0,30,55,9,14,11,16,7,21,21,12,4,6,15,1
2010,137,1143,77,"N",0,26,51,8,15,17,22,7,21,17,14,8,3,14,1
2010,137,1165,78,"N",0,27,48,9,23,15,19,10,20,10,11,7,2,12,1
2010,137,1181,73,"N",0,24,47,6,13,19,28,13,28,12,14,5,4,12,1
2010,137,1210,64,"N",0,19,44,2,10,24,25,10,22,11,13,8,1,15,1
2010,137,1211,67,"N",0,21,42,3,10,22,30,6,32,11,15,5,5,19,1
2010,137,1268,89,"N",0,32,68,4,17,21,25,17,33,18,10,2,4,20,1
2010,137,1277,70,"N",0,20,53,7,19,23,33,14,26,16,9,5,4,22,1
2010,137,1281,86,"N",0,30,58,5,17,21,29,9,21,21,9,15,3,16,1
2010,137,1326,68,"N",0,21,52,10,22,16,18,8,30,14,9,5,12,12,1
2010,137,1338,89,"N",0,30,56,4,12,25,36,9,29,18,15,10,1,26,1
2010,137,1345,72,"N",0,27,59,5,17,13,19,6,32,21,14,8,7,14,1
2010,137,1393,79,"N",0,30,55,10,22,9,11,13,27,24,16,8,8,14,1
2010,137,1401,69,"N",0,25,51,8,18,11,14,7,32,12,11,4,1,13,1
2010,137,1452,77,"N",0,24,58,4,15,25,31,14,35,20,9,7,4,16,1
2010,137,1458,53,"N",0,20,54,1,9,12,19,10,20,3,4,7,0,14,1
2010,137,1462,65,"N",0,23,67,7,20,12,19,20,30,15,6,6,3,16,1
2010,138,1124,76,"N",0,28,54,8,20,12,17,11,19,15,13,8,6,19,1
2010,138,1139,54,"N",0,18,50,7,20,11,19,7,15,10,6,6,1,14,1
2010,138,1243,84,"N",0,23,56,11,27,27,30,15,24,14,15,7,3,20,1
2010,138,1246,90,"N",0,38,63,7,21,7,17,14,28,21,11,6,6,21,1
2010,138,1320,69,"N",0,22,55,9,26,16,19,11,19,11,9,9,1,16,1
2010,138,1388,75,"N",0,24,48,7,19,20,26,6,27,6,12,2,3,12,1
2010,138,1397,83,"N",0,34,60,5,14,10,18,11,30,21,16,8,3,22,1
2010,138,1449,82,"N",0,32,66,8,17,10,20,12,28,21,5,6,7,18,1
2010,139,1165,87,"N",0,33,54,8,15,13,16,9,20,14,8,8,1,14,1
2010,139,1181,68,"N",0,27,57,3,17,11,17,11,23,11,5,4,5,15,1
2010,139,1277,85,"N",0,32,58,10,18,11,14,13,29,18,19,3,5,19,1
2010,139,1326,75,"N",0,25,51,8,21,17,23,7,22,17,18,8,3,17,1
2010,139,1345,63,"N",1,26,63,6,17,5,6,5,34,11,12,12,6,18,1
2010,139,1393,87,"N",0,29,53,12,25,17,23,8,30,17,15,4,2,17,1
2010,139,1452,68,"N",0,19,47,5,15,25,33,13,28,12,10,4,5,16,1
2010,139,1462,71,"N",0,24,50,8,16,15,23,5,26,9,7,4,3,16,1
2010,143,1139,63,"N",0,21,52,6,24,15,21,5,23,9,7,13,2,15,1
2010,143,1243,101,"N",2,37,78,8,19,19,29,16,24,19,12,5,11,25,1
2010,143,1246,62,"N",0,22,50,2,16,16,26,13,28,15,13,12,6,17,1
2010,143,1452,69,"N",0,26,65,4,15,13,17,23,26,14,23,11,4,15,1
2010,144,1124,72,"N",0,28,61,8,17,8,10,15,26,14,7,8,1,9,1
2010,144,1181,70,"N",0,22,55,6,15,20,24,16,32,11,14,4,2,20,1
2010,144,1277,59,"N",0,19,44,7,19,14,19,6,26,15,10,8,3,19,1
2010,144,1397,76,"N",0,30,64,4,15,12,15,20,21,15,16,6,3,20,1
2010,145,1139,63,"N",0,21,46,7,15,14,20,12,29,9,20,7,1,16,1
2010,145,1452,73,"N",0,20,52,10,23,23,34,10,26,14,12,5,6,22,1
2010,146,1181,78,"N",0,22,61,11,23,23,29,23,20,15,11,7,0,15,1
2010,146,1277,70,"N",0,24,52,6,18,16,21,13,14,12,11,8,8,20,1
2010,152,1139,52,"N",0,15,49,5,21,17,24,11,21,5,8,12,2,17,1
2010,152,1181,78,"N",0,29,55,13,25,7,9,11,18,20,6,5,1,16,1
2010,154,1181,61,"N",0,23,52,5,17,10,16,11,26,12,12,5,7,14,1
2011,134,1155,70,"N",0,26,50,4,13,14,16,4,25,17,12,10,2,12,1
2011,134,1421,81,"N",1,27,54,4,12,23,28,6,29,17,15,6,1,25,1
2011,135,1427,70,"N",0,23,54,4,16,20,30,10,30,14,13,4,0,14,1
2011,135,1433,59,"N",0,20,59,9,24,10,15,17,23,11,9,5,3,24,1
2011,136,1139,60,"N",0,22,54,7,26,9,11,18,14,11,15,8,1,21,1
2011,136,1140,74,"N",0,24,61,6,22,20,24,10,29,14,10,9,1,22,1
2011,136,1153,78,"N",0,29,54,4,11,16,22,13,23,14,11,3,2,15,1
2011,136,1163,81,"N",0,32,66,9,24,8,9,13,36,20,6,5,6,13,1
2011,136,1196,79,"N",0,29,53,8,23,13,17,9,26,22,12,11,2,15,1
2011,136,1211,86,"N",0,28,52,9,15,21,26,12,31,20,15,6,2,15,1
2011,136,1243,73,"N",0,22,54,5,17,24,28,12,21,14,11,2,1,17,1
2011,136,1246,59,"N",0,24,47,5,11,6,11,6,20,12,9,5,7,8,1
2011,136,1287,62,"N",0,21,57,9,19,11,18,17,24,11,18,12,1,13,1
2011,136,1338,74,"N",0,25,59,8,19,16,25,22,28,18,12,4,1,16,1
2011,136,1350,69,"N",0,26,56,12,24,5,12,10,17,14,3,4,9,18,1
2011,136,1361,68,"N",0,27,66,9,22,5,8,15,30,11,4,5,5,8,1
2011,136,1396,66,"N",0,24,49,5,18,13,15,8,20,10,10,6,5,13,1
2011,136,1417,78,"N",0,22,48,4,11,30,47,13,26,13,16,7,8,20,1
2011,136,1452,84,"N",0,27,55,5,13,25,31,14,23,15,11,6,1,21,1
2011,136,1458,72,"N",0,20,40,12,22,20,25,6,27,13,13,3,2,17,1
2011,137,1112,77,"N",0,23,50,5,19,26,31,8,21,11,14,8,2,21,1
2011,137,1181,87,"N",0,32,60,9,19,14,16,9,29,17,9,9,4,11,1
2011,137,1199,57,"N",0,20,43,4,15,13,20,6,29,14,13,6,10,17,1
2011,137,1206,61,"N",0,21,52,4,14,15,24,12,24,12,9,3,1,15,1
2011,137,1228,73,"N",0,28,47,7,13,10,14,5,28,21,15,3,2,17,1
2011,137,1242,72,"N",0,29,57,9,20,5,8,11,29,19,14,5,1,13,1
2011,137,1266,66,"N",0,24,45,5,12,13,19,5,21,13,15,6,2,18,1
2011,137,1276,75,"N",0,33,64,9,26,0,1,12,24,20,11,5,2,17,1
2011,137,1314,102,"N",0,34,67,3,17,31,42,12,42,21,18,3,10,19,1
2011,137,1323,69,"N",0,21,47,7,17,20,26,6,35,16,14,5,5,11,1
2011,137,1326,75,"N",0,29,52,12,24,5,8,11,24,26,13,5,3,9,1
2011,137,1345,65,"N",0,23,54,5,15,14,17,14,33,12,16,7,3,13,1
2011,137,1393,77,"N",0,23,44,7,16,24,31,9,26,17,15,8,4,16,1
2011,137,1400,85,"N",0,30,63,4,9,21,26,15,27,14,10,4,9,14,1
2011,137,1433,74,"N",0,18,44,12,25,26,39,8,22,14,6,7,4,16,1
2011,137,1449,68,"N",0,26,60,4,18,12,14,11,18,10,5,6,1,19,1
2011,138,1139,71,"N",0,24,52,12,27,11,14,5,17,12,6,2,2,18,1
2011,138,1140,89,"N",0,31,59,14,28,13,15,4,23,17,8,10,6,19,1
2011,138,1163,69,"N",0,19,44,6,16,25,30,9,26,10,9,3,3,13,1
2011,138,1196,73,"N",0,27,54,6,14,13,17,8,24,13,8,2,4,18,1
2011,138,1246,71,"N",0,24,50,6,18,17,24,9,25,12,10,1,6,19,1
2011,138,1350,65,"N",0,26,55,4,16,9,13,10,22,18,6,5,4,12,1
2011,138,1361,71,"N",2,28,65,6,11,9,9,13,29,13,13,6,6,14,1
2011,138,1458,70,"N",0,21,50,9,20,19,23,10,20,12,5,4,2,18,1
2011,139,1112,70,"N",0,24,54,8,14,14,22,11,21,17,12,8,2,20,1
2011,139,1181,73,"N",0,25,49,5,20,18,25,10,23,12,11,1,2,18,1
2011,139,1199,71,"N",0,22,48,9,19,18,25,9,31,15,12,2,9,18,1
2011,139,1242,73,"N",0,27,52,4,12,15,20,7,29,17,12,5,2,11,1
2011,139,1266,66,"N",0,21,51,5,11,19,23,12,18,15,14,11,1,13,1
2011,139,1314,86,"N",0,31,66,6,12,18,23,12,25,18,9,7,5,9,1
2011,139,1326,98,"N",0,36,59,16,26,10,18,11,22,23,9,8,1,11,1
2011,139,1433,94,"N",0,37,65,8,21,12,14,9,26,26,4,4,2,13,1
2011,143,1112,93,"N",0,34,63,9,15,16,21,16,24,15,12,7,3,21,1
2011,143,1139,61,"N",0,19,45,5,18,18,26,10,27,7,14,8,2,19,1
2011,143,1163,74,"N",0,27,57,8,16,12,16,9,26,13,9,5,3,16,1
2011,143,1196,83,"N",1,31,65,11,34,10,22,10,35,23,15,8,5,12,1
2011,144,1242,77,"N",0,30,63,9,19,8,10,15,28,20,9,7,3,14,1
2011,144,1246,62,"N",0,22,48,6,17,12,14,7,25,11,11,3,11,18,1
2011,144,1314,81,"N",0,31,74,5,16,14,21,22,26,15,7,11,8,16,1
2011,144,1433,72,"N",1,24,53,12,26,12,20,7,25,18,17,12,1,20,1
2011,145,1139,74,"N",1,24,60,9,33,17,27,16,25,8,10,2,1,20,1
2011,145,1163,65,"N",0,23,56,5,17,14,18,11,20,10,5,5,6,15,1
2011,146,1246,76,"N",0,27,56,12,22,10,16,9,25,16,14,10,5,13,1
2011,146,1433,71,"N",0,21,53,12,25,17,22,9,26,14,13,7,1,18,1
2011,152,1139,70,"N",0,21,59,8,23,20,26,16,32,8,9,5,2,16,1
2011,152,1163,56,"N",0,23,49,1,12,9,11,6,32,16,15,5,3,13,1
2011,154,1163,53,"N",0,19,55,1,11,14,16,17,36,6,11,4,10,15,1
2012,134,1140,78,"N",0,30,62,7,20,11,20,10,33,21,20,9,7,14,1
2012,134,1443,59,"N",0,19,62,2,16,19,33,26,34,10,28,7,9,18,1
2012,135,1378,65,"N",0,28,49,5,15,4,8,5,27,15,11,3,4,14,1
2012,135,1436,71,"N",0,25,50,4,11,17,24,9,25,16,5,3,3,19,1
2012,136,1124,68,"N",0,23,52,8,20,14,20,12,23,9,12,6,2,16,1
2012,136,1160,68,"N",0,22,48,7,12,17,27,9,37,12,23,4,3,18,1
2012,136,1211,77,"N",0,28,50,9,17,12,16,6,25,15,10,9,2,25,1
2012,136,1231,79,"N",0,32,54,7,13,8,10,7,14,15,12,12,0,12,1
2012,136,1235,77,"N",0,26,54,6,16,19,20,12,29,10,11,2,4,15,1
2012,136,1243,70,"N",0,21,42,2,12,26,34,5,26,12,11,4,7,18,1
2012,136,1246,81,"N",0,30,54,3,10,18,25,9,30,14,12,2,9,14,1
2012,136,1257,69,"N",0,21,52,1,5,26,36,13,27,8,10,5,4,19,1
2012,136,1266,88,"N",0,30,66,9,20,19,26,16,32,19,16,7,3,20,1
2012,136,1293,58,"N",0,20,51,5,17,13,26,10,22,9,8,9,5,8,1
2012,136,1307,75,"N",0,25,50,7,21,18,24,7,24,19,14,6,7,16,1
2012,136,1326,78,"N",0,26,58,5,14,21,26,16,33,11,18,6,8,19,1
2012,136,1393,72,"N",0,25,56,5,23,17,24,15,18,16,9,5,5,15,1
2012,136,1433,62,"N",0,25,59,6,23,6,9,10,27,9,11,8,3,12,1
2012,136,1435,79,"N",0,25,46,8,18,21,30,10,25,13,16,8,5,18,1
2012,136,1458,73,"N",0,23,48,10,19,17,19,11,26,15,10,3,8,15,1
2012,137,1153,65,"N",0,27,59,3,16,8,16,12,28,17,9,4,4,16,1
2012,137,1166,58,"N",0,22,50,9,21,5,13,7,24,14,7,4,3,11,1
2012,137,1196,71,"N",0,28,53,4,23,11,17,9,30,11,12,6,0,10,1
2012,137,1199,66,"N",0,24,53,7,19,11,14,9,22,13,11,9,9,14,1
2012,137,1207,74,"N",0,30,49,5,12,9,13,7,25,14,12,2,3,10,1
2012,137,1242,65,"N",0,23,50,5,16,14,23,7,33,12,14,6,5,17,1
2012,137,1250,75,"N",0,22,52,6,18,25,37,9,25,12,8,7,1,22,1
2012,137,1277,89,"N",0,40,68,3,9,6,9,15,28,21,12,6,0,17,1
2012,137,1301,79,"N",0,31,53,3,9,14,21,6,32,13,10,3,3,13,1
2012,137,1313,86,"N",0,32,59,10,19,12,18,14,23,14,11,2,3,20,1
2012,137,1314,77,"N",0,27,65,5,18,18,24,15,22,14,11,14,6,10,1
2012,137,1325,65,"N",0,22,43,6,16,15,17,4,22,13,9,6,2,12,1
2012,137,1345,72,"N",0,26,57,5,16,15,18,7,25,7,10,7,2,17,1
2012,137,1378,58,"N",0,17,50,8,17,16,21,14,23,7,12,10,1,16,1
2012,137,1387,61,"N",0,21,46,5,13,14,18,8,26,7,17,6,1,12,1
2012,137,1462,67,"N",0,22,44,5,10,18,27,10,20,11,10,6,1,14,1
2012,138,1124,80,"N",0,28,64,11,20,13,18,17,24,15,11,9,4,12,1
2012,138,1231,63,"N",0,24,46,6,13,9,11,8,28,13,22,6,2,13,1
2012,138,1246,87,"N",0,31,56,10,20,15,22,12,28,19,11,2,5,19,1
2012,138,1257,59,"N",0,22,48,7,15,8,12,7,18,9,11,9,5,14,1
2012,138,1266,62,"N",0,21,55,4,15,16,21,5,31,11,12,7,4,11,1
2012,138,1326,73,"N",0,25,53,9,24,14,18,9,22,13,11,6,4,17,1
2012,138,1393,75,"N",0,23,45,6,9,23,29,9,23,13,14,6,8,18,1
2012,138,1458,60,"N",0,23,55,10,33,4,8,10,20,13,8,4,1,16,1
2012,139,1153,62,"N",0,19,50,5,15,19,23,10,23,13,15,13,5,18,1
2012,139,1196,84,"N",0,28,53,10,28,18,25,13,35,13,13,4,4,12,1
2012,139,1242,63,"N",0,21,62,6,24,15,23,21,23,10,7,6,4,18,1
2012,139,1277,65,"N",0,25,46,4,10,11,17,5,27,12,11,2,1,19,1
2012,139,1301,66,"N",0,20,54,7,15,19,31,17,24,11,10,4,3,14,1
2012,139,1314,87,"N",0,33,65,8,16,13,19,11,33,16,9,4,9,8,1
2012,139,1325,62,"N",0,17,43,9,18,19,25,7,18,10,9,9,1,19,1
2012,139,1462,70,"N",0,24,54,7,15,15,21,12,31,8,14,2,6,15,1
2012,143,1196,68,"N",0,24,59,7,27,13,15,10,32,15,11,5,9,15,1
2012,143,1257,57,"N",0,21,55,9,23,6,11,11,28,15,10,9,7,11,1
2012,143,1326,81,"N",0,27,56,8,17,19,27,12,23,14,11,13,1,11,1
2012,143,1393,64,"N",0,27,49,5,9,5,9,7,19,5,6,4,1,13,1
2012,144,1124,75,"N",0,29,57,5,15,12,14,10,25,21,13,7,3,17,1
2012,144,1242,60,"N",0,24,64,1,14,11,20,20,30,13,14,9,11,14,1
2012,144,1246,102,"N",0,31,64,5,10,35,37,15,24,12,6,3,4,18,1
2012,144,1314,73,"N",1,26,65,7,22,14,24,22,41,18,24,4,8,13,1
2012,145,1257,72,"N",0,27,60,6,16,12,15,8,22,11,6,6,3,21,1
2012,145,1326,77,"N",0,21,51,4,13,31,42,14,25,10,12,4,3,20,1
2012,146,1242,80,"N",0,29,63,4,14,18,24,11,30,14,8,9,3,16,1
2012,146,1246,82,"N",0,24,45,4,9,30,44,8,24,15,13,9,9,19,1
2012,152,1242,64,"N",0,25,56,3,11,11,14,12,30,14,17,5,8,15,1
2012,152,1246,69,"N",0,28,49,2,7,11,20,6,27,9,14,7,7,14,1
2012,154,1246,67,"N",0,23,56,6,14,15,21,12,31,12,11,4,11,15,1
2013,134,1299,73,"N",0,27,52,8,18,11,19,6,27,10,8,6,4,19,1
2013,134,1388,67,"N",0,21,46,8,14,17,25,8,25,9,7,3,0,15,1
2013,135,1241,68,"N",0,26,56,8,23,8,12,14,25,17,11,3,10,16,1
2013,135,1247,80,"N",0,31,49,11,21,7,12,3,19,16,10,4,1,16,1
2013,136,1112,81,"N",0,29,51,9,17,14,20,12,32,13,16,2,5,21,1
2013,136,1139,68,"N",0,20,55,3,17,25,28,10,31,8,5,6,3,12,1
2013,136,1143,64,"N",0,26,59,5,11,7,16,8,33,18,11,7,5,19,1
2013,136,1161,84,"N",0,25,51,7,14,27,33,12,30,10,14,1,3,17,1
2013,136,1211,64,"N",0,23,55,8,20,10,15,11,29,14,10,6,0,16,1
2013,136,1217,68,"N",0,22,42,8,18,16,20,3,23,11,13,3,3,20,1
2013,136,1257,79,"N",0,31,54,4,16,13,22,12,19,14,16,20,2,13,1
2013,136,1266,59,"N",0,20,58,4,15,15,19,17,24,5,9,5,4,20,1
2013,136,1272,54,"N",0,20,49,5,15,9,18,10,25,12,15,9,12,18,1
2013,136,1276,71,"N",0,28,55,9,20,6,9,8,21,12,9,6,3,8,1
2013,136,1277,65,"N",0,26,58,6,15,7,11,20,29,16,17,6,3,16,1
2013,136,1332,68,"N",0,23,59,8,22,14,21,14,30,12,18,8,3,19,1
2013,136,1387,64,"N",0,25,54,4,11,10,14,10,23,17,10,10,3,15,1
2013,136,1393,81,"N",0,27,52,5,11,22,31,8,32,21,8,12,5,8,1
2013,136,1433,88,"N",0,35,65,8,16,10,14,13,23,15,7,11,0,17,1
2013,136,1455,73,"N",0,19,49,2,20,33,41,11,26,11,11,10,1,20,1
2013,137,1166,67,"N",0,19,42,7,15,22,25,7,25,16,16,2,2,11,1
2013,137,1181,73,"N",0,27,46,4,11,15,21,5,23,17,11,9,3,18,1
2013,137,1195,78,"N",0,21,49,6,15,30,44,7,32,15,13,5,3,18,1
2013,137,1196,79,"N",0,29,61,7,21,14,23,16,27,13,8,10,2,12,1
2013,137,1228,57,"N",0,16,52,8,31,17,24,11,26,10,12,8,4,12,1
2013,137,1231,83,"N",0,29,55,9,23,16,21,12,26,17,9,3,3,8,1
2013,137,1235,76,"N",0,29,59,9,21,9,12,5,22,19,6,4,1,13,1
2013,137,1242,64,"N",0,20,42,0,6,24,30,4,31,11,17,4,9,15,1
2013,137,1247,63,"N",0,21,49,7,18,14,16,8,22,12,8,4,5,13,1
2013,137,1274,78,"N",0,24,52,12,22,18,21,10,31,12,11,7,4,14,1
2013,137,1278,83,"N",0,31,61,9,16,12,19,11,25,19,11,7,3,19,1
2013,137,1279,57,"N",0,22,57,3,15,10,16,12,31,8,10,6,6,12,1
2013,137,1314,78,"N",0,24,49,11,21,19,27,6,22,18,17,10,2,14,1
2013,137,1326,95,"N",0,34,71,7,15,20,25,13,31,25,10,8,7,17,1
2013,137,1361,70,"N",0,24,56,6,15,16,17,11,29,15,11,5,3,11,1
2013,137,1396,76,"N",0,24,50,7,18,21,33,4,20,13,5,5,4,15,1
2013,138,1112,74,"N",0,27,49,9,15,11,16,3,36,13,12,4,2,20,1
2013,138,1257,82,"N",0,31,55,5,9,15,18,10,19,14,9,11,2,24,1
2013,138,1266,74,"N",0,23,54,5,12,23,27,14,21,9,15,9,4,17,1
2013,138,1276,78,"N",0,31,60,6,20,10,11,12,29,17,12,7,0,7,1
2013,138,1277,70,"N",0,26,52,4,16,14,22,14,35,14,18,10,7,14,1
2013,138,1332,74,"N",0,28,53,8,11,10,16,9,29,18,18,10,4,19,1
2013,138,1393,66,"N",0,18,46,4,10,26,41,14,23,7,15,10,3,16,1
2013,138,1455,76,"N",0,25,50,14,28,12,18,10,20,16,15,8,6,22,1
2013,139,1181,66,"N",0,19,49,7,20,21,28,7,31,9,9,7,4,20,1
2013,139,1195,81,"N",0,33,59,7,18,8,12,9,22,21,13,13,5,13,1
2013,139,1196,78,"N",0,21,37,10,20,26,36,6,20,13,14,7,3,18,1
2013,139,1231,58,"N",0,19,45,4,13,16,20,4,28,9,12,0,2,8,1
2013,139,1242,70,"N",0,24,55,5,14,17,21,15,35,11,22,7,5,11,1
2013,139,1247,76,"N",0,27,55,9,23,13,18,9,21,14,12,8,4,19,1
2013,139,1274,63,"N",0,22,55,9,25,10,15,13,22,12,6,4,2,10,1
2013,139,1326,78,"N",0,25,49,9,18,19,26,3,19,12,9,7,2,20,1
2013,143,1266,71,"N",0,27,50,3,6,14,19,10,26,14,11,3,3,11,1
2013,143,1326,73,"N",0,22,52,7,13,22,26,11,21,9,8,4,3,18,1
2013,143,1393,61,"N",0,21,48,4,10,15,20,7,25,4,14,11,11,17,1
2013,143,1455,72,"N",0,30,67,5,12,7,9,17,30,12,8,4,8,13,1
2013,144,1181,71,"N",0,20,49,7,18,24,26,5,24,8,8,3,5,17,1
2013,144,1196,62,"N",0,22,57,4,15,14,23,15,20,12,10,11,3,11,1
2013,144,1257,77,"N",0,28,52,4,13,17,26,9,25,10,13,7,5,19,1
2013,144,1276,87,"N",1,35,71,8,23,9,17,14,24,18,10,7,1,12,1
2013,145,1393,55,"N",0,19,50,5,17,12,19,11,26,8,6,9,8,11,1
2013,145,1455,70,"N",0,22,59,8,20,18,23,13,27,9,12,8,9,23,1
2013,146,1257,85,"N",0,29,55,2,13,25,36,11,26,8,8,10,9,23,1
2013,146,1276,79,"N",0,30,65,10,19,9,13,9,26,18,11,13,5,13,1
2013,152,1257,72,"N",0,22,49,9,25,19,29,11,22,10,9,8,3,23,1
2013,152,1276,61,"N",0,21,53,8,24,11,20,13,24,17,10,5,3,11,1
2013,154,1257,82,"N",0,28,61,8,16,18,23,15,17,18,9,9,3,22,1
2014,134,1107,71,"N",0,27,47,2,9,15,19,6,36,12,14,3,1,13,1
2014,134,1301,74,"N",0,29,53,4,14,12,16,6,23,16,9,4,9,14,1
2014,135,1142,81,"N",0,29,51,6,15,17,22,10,18,15,10,4,4,20,1
2014,135,1397,78,"N",1,24,54,5,21,25,30,10,27,13,8,2,1,14,1
2014,136,1163,89,"N",1,30,66,11,24,18,20,12,22,13,9,6,2,21,1
2014,136,1173,60,"N",0,22,49,3,13,13,17,4,24,12,13,10,0,14,1
2014,136,1196,67,"N",0,25,49,3,12,14,18,5,25,11,10,7,5,14,1
2014,136,1217,61,"N",0,19,44,6,17,17,28,9,24,9,12,4,3,15,1
2014,136,1257,71,"N",0,20,55,4,13,27,35,16,26,10,12,11,8,18,1
2014,136,1276,57,"N",0,22,46,7,17,6,9,6,25,15,11,8,1,8,1
2014,136,1277,93,"N",0,30,56,10,19,23,25,10,32,16,14,4,2,27,1
2014,136,1295,80,"N",1,27,51,6,14,20,22,6,32,12,15,5,6,20,1
2014,136,1332,87,"N",0,27,54,2,13,31,38,8,29,21,8,4,4,22,1
2014,136,1338,77,"N",0,31,61,4,14,11,12,9,24,18,3,12,3,13,1
2014,136,1361,73,"N",1,23,59,6,17,21,27,10,30,9,11,8,9,18,1
2014,136,1387,83,"N",1,31,64,9,18,12,26,9,32,16,9,7,4,26,1
2014,136,1393,77,"N",0,28,57,7,17,14,17,13,28,16,12,8,6,21,1
2014,136,1400,87,"N",0,31,58,5,12,20,27,10,20,17,9,6,5,24,1
2014,136,1437,73,"N",0,28,62,4,23,13,16,12,34,13,11,8,10,17,1
2014,136,1458,75,"N",0,26,52,10,23,13,14,6,25,13,7,9,1,15,1
2014,137,1112,68,"N",0,26,47,7,14,9,16,7,24,15,12,4,12,20,1
2014,137,1124,74,"N",0,17,42,2,13,38,48,9,28,9,12,7,2,16,1
2014,137,1166,76,"N",0,28,54,9,23,11,21,6,30,18,6,0,3,17,1
2014,137,1211,85,"N",0,25,50,9,18,26,41,7,30,13,15,5,1,28,1
2014,137,1235,93,"N",0,35,55,9,17,14,16,10,24,21,9,5,5,14,1
2014,137,1242,80,"N",0,32,53,0,7,16,24,14,29,17,14,2,7,14,1
2014,137,1246,56,"N",0,19,50,4,15,14,21,13,27,8,15,4,7,11,1
2014,137,1272,71,"N",0,27,55,6,22,11,16,15,21,19,12,8,4,20,1
2014,137,1273,78,"N",0,25,45,5,13,23,28,3,24,16,8,3,0,15,1
2014,137,1314,79,"N",0,33,71,4,15,9,13,21,19,15,9,7,4,19,1
2014,137,1372,77,"N",1,27,51,6,16,17,23,10,25,16,17,6,2,16,1
2014,137,1390,58,"N",0,19,49,8,15,12,17,5,30,10,10,6,5,20,1
2014,137,1397,86,"N",0,30,56,2,14,24,31,10,27,16,12,8,3,13,1
2014,137,1417,76,"N",0,29,63,5,16,13,15,13,23,17,10,11,5,13,1
2014,137,1438,70,"N",0,21,40,8,17,20,25,0,28,16,7,4,5,16,1
2014,137,1455,64,"N",0,23,50,6,19,12,21,11,35,17,12,4,6,17,1
2014,138,1163,77,"N",0,23,52,9,20,22,28,7,29,10,11,11,2,17,1
2014,138,1173,55,"N",0,19,46,7,16,10,18,11,24,12,14,7,4,16,1
2014,138,1196,61,"N",0,25,58,5,20,6,9,14,24,9,6,10,5,7,1
2014,138,1257,66,"N",0,22,49,6,17,16,24,10,27,14,19,9,5,18,1
2014,138,1276,79,"N",0,24,54,14,28,17,21,11,19,16,4,5,2,12,1
2014,138,1277,80,"N",0,28,57,7,21,17,22,10,24,17,11,9,1,20,1
2014,138,1361,63,"N",0,19,44,7,16,18,24,8,30,8,6,4,2,16,1
2014,138,1458,85,"N",0,29,60,11,28,16,25,14,22,15,8,1,1,17,1
2014,139,1112,84,"N",0,32,65,7,18,13,18,7,21,24,6,15,8,18,1
2014,139,1124,85,"N",0,30,47,11,18,14,21,5,27,19,8,2,3,11,1
2014,139,1235,85,"N",0,29,66,12,26,15,21,11,26,16,14,6,1,17,1
2014,139,1246,78,"N",0,27,50,8,18,16,22,10,22,11,11,6,3,15,1
2014,139,1390,60,"N",0,21,47,0,9,18,26,8,29,6,16,10,4,15,1
2014,139,1397,83,"N",0,27,55,6,22,23,26,18,23,15,7,2,0,14,1
2014,139,1417,77,"N",0,29,53,4,14,15,23,4,26,22,3,3,3,17,1
2014,139,1438,78,"N",0,30,54,5,11,13,16,6,34,13,10,3,6,16,1
2014,143,1112,70,"N",0,23,48,5,12,19,25,10,19,14,7,2,4,16,1
2014,143,1173,82,"N",0,28,58,8,23,18,26,10,25,19,10,8,1,25,1
2014,143,1196,79,"N",0,29,58,8,21,13,18,10,30,22,12,4,5,15,1
2014,143,1458,69,"N",0,26,51,6,16,11,20,8,31,18,10,1,6,16,1
2014,144,1163,81,"N",0,26,50,9,19,20,22,5,26,9,9,5,4,15,1
2014,144,1246,74,"N",0,24,55,4,14,22,27,15,22,8,12,5,2,19,1
2014,144,1276,73,"N",0,27,49,11,20,8,10,6,20,14,13,5,1,13,1
2014,144,1277,61,"N",0,21,47,5,14,14,18,7,25,13,10,5,4,16,1
2014,145,1196,62,"N",0,18,48,5,15,21,28,12,25,10,7,5,5,10,1
2014,145,1458,64,"N",1,24,61,6,17,10,12,13,25,11,8,3,0,15,1
2014,146,1163,60,"N",0,17,49,5,22,21,22,7,23,8,8,7,3,12,1
2014,146,1246,75,"N",0,31,58,7,11,6,11,17,18,8,11,2,6,14,1
2014,152,1163,63,"N",0,24,43,5,12,10,13,5,23,12,13,6,4,16,1
2014,152,1246,74,"N",0,29,58,2,5,14,21,11,21,9,4,4,1,17,1
2014,154,1163,60,"N",0,22,53,6,19,10,10,8,26,8,10,9,4,17,1
2015,134,1214,74,"N",0,26,53,3,7,19,34,6,31,20,14,6,3,19,1
2015,134,1279,94,"N",0,36,80,7,23,15,23,16,27,24,7,7,6,21,1
2015,135,1173,56,"N",0,20,42,7,21,9,14,3,22,13,11,4,1,14,1
2015,135,1352,81,"N",0,28,62,4,16,21,33,11,20,11,5,12,2,21,1
2015,136,1112,93,"N",0,32,53,5,11,24,27,12,23,13,12,8,3,23,1
2015,136,1116,56,"N",0,22,48,3,8,9,16,8,27,13,10,4,3,16,1
2015,136,1139,56,"N",0,16,48,4,13,20,28,5,23,11,5,5,4,13,1
2015,136,1153,66,"N",1,25,61,4,10,12,21,11,27,9,9,8,5,16,1
2015,136,1207,84,"N",0,25,48,11,23,23,32,10,26,10,14,5,3,18,1
2015,136,1209,57,"N",0,22,54,5,16,8,13,9,13,12,6,13,2,13,1
2015,136,1246,79,"N",0,28,61,3,10,20,28,13,38,15,13,7,5,18,1
2015,136,1301,66,"N",0,28,66,5,24,5,7,11,28,11,11,2,2,15,1
2015,136,1314,67,"N",0,27,49,5,7,8,13,12,23,14,17,2,2,18,1
2015,136,1323,69,"N",0,27,47,2,6,13,18,2,15,19,7,9,4,13,1
2015,136,1326,75,"N",1,28,57,6,15,13,22,8,24,16,11,5,7,17,1
2015,136,1412,60,"N",0,24,69,3,18,9,11,19,33,9,13,7,5,10,1
2015,136,1417,60,"N",0,20,47,10,20,10,14,7,27,10,18,4,5,17,1
2015,136,1428,57,"N",0,18,38,5,13,16,21,4,22,11,17,7,7,12,1
2015,136,1437,93,"N",0,36,57,11,22,10,15,8,25,22,8,8,6,10,1
2015,136,1462,76,"N",0,26,56,10,23,14,21,8,30,17,10,6,4,14,1
2015,137,1173,66,"N",0,18,42,8,23,22,30,3,29,9,12,8,4,14,1
2015,137,1181,85,"N",0,34,54,10,21,7,14,9,31,28,11,7,3,8,1
2015,137,1211,86,"N",0,30,58,7,22,19,28,11,24,16,9,5,3,13,1
2015,137,1234,83,"N",0,35,69,6,16,7,10,14,32,12,5,3,5,11,1
2015,137,1242,75,"N",0,27,50,9,13,12,15,10,26,16,14,7,3,17,1
2015,137,1257,57,"N",0,23,55,5,15,6,6,9,16,9,9,4,2,11,1
2015,137,1268,65,"N",0,19,40,9,21,18,24,4,30,9,11,5,5,19,1
2015,137,1277,70,"N",0,26,57,7,18,11,19,5,30,18,9,8,3,22,1
2015,137,1320,71,"N",0,23,50,9,18,16,18,8,21,10,7,9,1,14,1
2015,137,1328,69,"N",0,25,57,7,24,12,16,14,26,10,9,5,6,14,1
2015,137,1332,79,"N",0,29,53,7,19,14,18,3,25,11,12,9,6,12,1
2015,137,1361,76,"N",0,25,53,9,22,17,30,13,27,12,13,5,3,12,1
2015,137,1438,79,"N",0,26,57,6,17,21,25,11,24,11,7,5,3,10,1
2015,137,1452,68,"N",0,22,49,5,16,19,27,9,22,11,12,7,1,25,1
2015,137,1455,81,"N",0,25,61,2,13,29,34,15,24,9,7,9,6,17,1
2015,137,1458,86,"N",0,33,61,11,27,9,12,12,24,14,9,5,1,11,1
2015,138,1112,73,"N",0,23,63,7,19,20,24,18,25,14,8,9,4,13,1
2015,138,1246,64,"N",0,20,54,4,15,20,28,12,26,10,7,7,9,15,1
2015,138,1301,71,"N",0,24,53,3,11,20,27,13,32,11,10,2,4,21,1
2015,138,1314,87,"N",0,27,60,4,10,29,37,17,25,14,16,13,3,25,1
2015,138,1323,67,"N",1,22,51,6,20,17,22,9,31,9,13,4,8,16,1
2015,138,1417,92,"N",0,35,58,5,9,17,25,15,26,17,13,4,4,16,1
2015,138,1428,75,"N",0,22,38,8,14,23,32,4,21,12,9,3,3,14,1
2015,138,1462,75,"N",0,23,34,7,13,22,25,5,18,13,14,3,2,17,1
2015,139,1181,68,"N",0,30,55,6,14,2,2,5,28,16,9,7,6,12,1
2015,139,1211,87,"N",0,32,52,10,16,13,21,7,27,20,11,4,2,11,1
2015,139,1257,66,"N",0,22,48,5,11,17,21,10,20,11,7,2,5,16,1
2015,139,1277,60,"N",0,17,40,6,12,20,33,7,25,7,6,4,7,19,1
2015,139,1328,72,"N",0,22,49,9,18,19,24,10,25,13,15,9,3,15,1
2015,139,1452,69,"N",0,24,60,7,19,14,19,14,18,11,10,15,1,20,1
2015,139,1455,78,"N",0,25,51,10,20,18,24,5,27,13,12,10,3,20,1
2015,139,1458,72,"N",0,22,51,7,23,21,29,10,22,11,6,3,3,13,1
2015,143,1112,68,"N",0,22,54,7,22,17,19,10,23,10,8,9,1,14,1
2015,143,1246,78,"N",0,24,50,4,15,26,32,11,33,13,10,7,7,21,1
2015,143,1323,81,"N",0,30,54,9,19,12,15,6,26,18,11,4,4,14,1
2015,143,1458,79,"N",0,26,56,7,21,20,23,12,23,13,5,3,0,18,1
2015,144,1181,63,"N",0,20,45,3,9,20,26,8,23,5,14,6,4,16,1
2015,144,1211,74,"N",0,27,67,3,19,17,23,18,32,15,5,5,4,18,1
2015,144,1257,75,"N",0,27,54,3,12,18,27,7,27,15,5,5,4,13,1
2015,144,1277,62,"N",0,22,57,9,27,9,16,15,21,9,5,1,1,16,1
2015,145,1246,68,"N",0,25,47,4,8,14,20,10,19,8,11,4,9,12,1
2015,145,1458,85,"N",0,25,45,12,18,23,31,4,17,11,9,5,1,21,1
2015,146,1181,66,"N",0,21,56,8,19,16,19,9,22,10,3,8,2,12,1
2015,146,1277,76,"N",1,26,60,9,23,15,20,10,31,20,12,5,7,22,1
2015,152,1181,81,"N",0,26,50,2,10,27,37,7,29,10,8,9,4,18,1
2015,152,1458,71,"N",0,23,48,7,17,18,22,12,22,10,10,1,2,14,1
2015,154,1181,68,"N",0,24,51,4,11,16,20,6,27,7,5,4,6,13,1
